close,time,rsi,so,wr,emacd
1.68853,5/12/2021 19:20,52.78,57.45,-42.55,0.002977584
1.68948,5/12/2021 19:25,49.26,59.25,-40.75,0.003032636
1.68572,5/12/2021 19:30,50.36,52.14,-47.86,0.002076932
1.70132,5/12/2021 19:35,51.88,83.04,-16.96,-0.000639703
1.71368,5/12/2021 19:40,54.13,97.97,-2.03,-0.003382566
1.70743,5/12/2021 19:45,58.54,86.95,-13.05,-0.00462677
1.70513,5/12/2021 19:50,57.98,82.9,-17.1,-0.005632
1.71535,5/12/2021 19:55,54.46,97.95,-2.05,-0.005949342
1.71367,5/12/2021 20:00,57.77,95.07,-4.93,-0.006900753
1.71615,5/12/2021 20:05,56.71,90.98,-9.02,-0.009130153
1.72053,5/12/2021 20:10,57.42,97.85,-2.15,-0.011272741
1.71558,5/12/2021 20:15,68.22,88.99,-11.01,-0.010358487
1.71444,5/12/2021 20:20,66.09,87.22,-12.78,-0.009583874
1.70786,5/12/2021 20:25,52.19,62.45,-37.55,-0.008176328
1.72194,5/12/2021 20:30,54.73,98.1,-1.9,-0.008120562
1.73125,5/12/2021 20:35,57.91,98.28,-1.72,-0.007633064
1.7341,5/12/2021 20:40,54.04,87.84,-12.16,-0.00593362
1.73555,5/12/2021 20:45,47.52,86.74,-13.26,-0.004377155
1.73481,5/12/2021 20:50,46.22,83.48,-16.52,-0.003386273
1.74029,5/12/2021 20:55,47.69,96.8,-3.2,-0.002741575
1.73965,5/12/2021 21:00,48.56,94.5,-5.5,-0.002153264
1.74003,5/12/2021 21:05,46.35,95.63,-4.37,-0.001657512
1.74442,5/12/2021 21:10,42.82,100,0,-0.000819831
1.73851,5/12/2021 21:15,44.25,78.13,-21.87,0.000229406
1.74977,5/12/2021 21:20,46.07,99.98,-0.02,0.000520116
1.74983,5/12/2021 21:25,47,100,0,-0.000683174
1.74549,5/12/2021 21:30,49.72,89.66,-10.34,-0.000331155
1.74464,5/12/2021 21:35,57.7,87.63,-12.37,0.000638456
1.74029,5/12/2021 21:40,49.74,65.07,-34.93,0.001972608
1.74282,5/12/2021 21:45,43.89,63.12,-36.88,0.002575034
1.73338,5/12/2021 21:50,38.81,13.47,-86.53,0.002944056
1.73301,5/12/2021 21:55,44.11,11.52,-88.48,0.00387841
1.73719,5/12/2021 22:00,41.53,32.04,-67.96,0.00458762
1.68318,5/12/2021 22:05,20.67,0,-100,0.006995586
1.675,5/12/2021 22:10,21.05,30.02,-69.98,0.009570788
1.68422,5/12/2021 22:15,31.12,38.64,-61.36,0.010803421
1.69488,5/12/2021 22:20,34.68,48.61,-51.39,0.012041273
1.68793,5/12/2021 22:25,34.09,42.11,-57.89,0.013507775
1.66248,5/12/2021 22:30,31.98,18.31,-81.69,0.015361955
1.63105,5/12/2021 22:35,33.33,0.18,-99.82,0.018183065
1.66526,5/12/2021 22:40,44.82,30.78,-69.22,0.018288652
1.67831,5/12/2021 22:45,41.86,42.15,-57.85,0.017449769
1.68151,5/12/2021 22:50,36.92,45.6,-54.4,0.015703706
1.69322,5/12/2021 22:55,39.84,56.21,-43.79,0.013635398
1.66881,5/12/2021 23:00,37.69,34.78,-65.22,0.013054438
1.66857,5/12/2021 23:05,31.28,34.57,-65.43,0.008339663
1.6748,5/12/2021 23:10,37.07,40.04,-59.96,0.00341802
1.6637,5/12/2021 23:15,44.77,46.4,-53.6,0.000431302
1.66713,5/12/2021 23:20,42.89,51.4,-48.6,-0.001192362
1.64249,5/12/2021 23:25,40.5,18.02,-81.98,-0.001619862
1.635,5/12/2021 23:30,42.16,7.87,-92.13,-0.003659402
1.6213,5/12/2021 23:35,40.21,13.47,-86.53,-0.006992349
1.63491,5/12/2021 23:40,41.23,29.33,-70.67,-0.007537066
1.63298,5/12/2021 23:45,47.52,27.08,-72.92,-0.00646516
1.60195,5/12/2021 23:50,32.8,0.81,-99.19,-0.003882955
1.56445,5/12/2021 23:55,26.5,24.97,-75.03,0.000555963
1.5028,5/13/2021 0:00,24.09,2.06,-97.94,0.005402184
1.60124,5/13/2021 0:05,58.07,53.22,-46.78,0.005692352
1.57435,5/13/2021 0:10,56.55,41.53,-58.47,0.007324005
1.60603,5/13/2021 0:15,61.95,58.92,-41.08,0.008247993
1.62038,5/13/2021 0:20,55.8,66.81,-33.19,0.008469921
1.62898,5/13/2021 0:25,51.48,74.82,-25.18,0.005815253
1.63859,5/13/2021 0:30,52.28,83.75,-16.25,0.001910016
1.63942,5/13/2021 0:35,48.09,87.2,-12.8,-0.0023872
1.63058,5/13/2021 0:40,47.97,88.77,-11.23,-0.003646995
1.63638,5/13/2021 0:45,44.14,92.67,-7.33,-0.0035574
1.63208,5/13/2021 0:50,48.8,89.78,-10.22,-0.006698783
1.61167,5/13/2021 0:55,46.36,76.04,-23.96,-0.011597763
1.61277,5/13/2021 1:00,44.05,76.78,-23.22,-0.020293584
1.633,5/13/2021 1:05,45.84,90.4,-9.6,-0.021389247
1.63388,5/13/2021 1:10,52.38,90.92,-9.08,-0.023236802
1.63148,5/13/2021 1:15,40.59,83.77,-16.23,-0.022205505
1.64201,5/13/2021 1:20,50.9,94.38,-5.62,-0.020724593
1.64631,5/13/2021 1:25,43.94,98.45,-1.55,-0.018153014
1.6338,5/13/2021 1:30,41.61,67.19,-32.81,-0.014260641
1.62077,5/13/2021 1:35,40.63,36.61,-63.39,-0.009265719
1.62068,5/13/2021 1:40,36.99,36.4,-63.6,-0.005467886
1.63063,5/13/2021 1:45,40.97,59.75,-40.25,-0.002511304
1.6331,5/13/2021 1:50,37.87,65.55,-34.45,-0.001082734
1.64425,5/13/2021 1:55,39.88,91.72,-8.28,-0.00222952
1.64236,5/13/2021 2:00,35.44,87.28,-12.72,-0.002298257
1.65452,5/13/2021 2:05,43.19,100,0,-0.000308344
1.6636,5/13/2021 2:10,44.9,98.91,-1.09,0.003074363
1.65395,5/13/2021 2:15,39.56,78.2,-21.8,0.002783543
1.64819,5/13/2021 2:20,45.21,66.07,-33.93,0.004486003
1.65444,5/13/2021 2:25,43.21,79.23,-20.77,0.004945317
1.64509,5/13/2021 2:30,40.32,59.54,-40.46,0.004320491
1.64666,5/13/2021 2:35,41.69,62.85,-37.15,0.002354341
1.66,5/13/2021 2:40,46.03,90.94,-9.06,-0.000569425
1.656,5/13/2021 2:45,52.16,81.93,-18.07,-0.002453592
1.6535,5/13/2021 2:50,58.37,75.24,-24.76,-0.003402403
1.64812,5/13/2021 2:55,57.75,54.19,-45.81,-0.003005022
1.63258,5/13/2021 3:00,54.56,6.76,-93.24,-0.001977592
1.63726,5/13/2021 3:05,50.52,20.52,-79.48,0.000629458
1.62762,5/13/2021 3:10,55.95,7.44,-92.56,0.004119281
1.61793,5/13/2021 3:15,53.13,0,-100,0.006192538
1.61812,5/13/2021 3:20,46.57,3.47,-96.53,0.007367917
1.61415,5/13/2021 3:25,49.71,0,-100,0.008763267
1.61828,5/13/2021 3:30,47.76,13.23,-86.77,0.008477189
1.60638,5/13/2021 3:35,43.19,0,-100,0.008397007
1.60206,5/13/2021 3:40,45.14,0,-100,0.009718169
1.61598,5/13/2021 3:45,50.07,22.89,-77.11,0.010325559
1.62456,5/13/2021 3:50,49.64,36.99,-63.01,0.010327697
1.63671,5/13/2021 3:55,51.14,59.91,-40.09,0.009217997
1.64871,5/13/2021 4:00,51.16,90.18,-9.82,0.006530556
1.65095,5/13/2021 4:05,48.23,89.17,-10.83,0.004012341
1.65145,5/13/2021 4:10,56.81,90.08,-9.92,0.001221307
1.6581,5/13/2021 4:15,57.2,100,0,-0.002641203
1.6562,5/13/2021 4:20,57.7,90.19,-9.81,-0.00616604
1.66284,5/13/2021 4:25,61.36,97.08,-2.92,-0.009134535
1.6534,5/13/2021 4:30,61.15,82,-18,-0.010460074
1.6513,5/13/2021 4:35,60.79,78.65,-21.35,-0.01221006
1.63961,5/13/2021 4:40,58.71,59.97,-40.03,-0.012932628
1.63782,5/13/2021 4:45,66.51,57.12,-42.88,-0.012317073
1.63645,5/13/2021 4:50,69.6,54.08,-45.92,-0.011325393
1.64805,5/13/2021 4:55,68.46,68.08,-31.92,-0.00972963
1.65847,5/13/2021 5:00,68.31,84.46,-15.54,-0.00779199
1.67052,5/13/2021 5:05,68.74,100,0,-0.006299854
1.67439,5/13/2021 5:10,65.2,89.39,-10.61,-0.004720472
1.67701,5/13/2021 5:15,69,87.45,-12.55,-0.003182163
1.681,5/13/2021 5:20,63.48,88.58,-11.42,-0.002038211
1.68509,5/13/2021 5:25,63.06,90.32,-9.68,-0.000603426
1.68257,5/13/2021 5:30,63.86,85.72,-14.28,-9.56E-05
1.69152,5/13/2021 5:35,66.42,98.94,-1.06,-0.000181004
1.68689,5/13/2021 5:40,69.28,87.67,-12.33,-0.001187178
1.68702,5/13/2021 5:45,70.12,86.77,-13.23,-0.001848699
1.69549,5/13/2021 5:50,80.45,100,0,-0.002776545
1.70483,5/13/2021 5:55,78.44,96.08,-3.92,-0.003580227
1.71486,5/13/2021 6:00,77.56,100,0,-0.004164703
1.71363,5/13/2021 6:05,79.73,89.66,-10.34,-0.004088249
1.70807,5/13/2021 6:10,76.11,79.54,-20.46,-0.003762391
1.72264,5/13/2021 6:15,75.49,100,0,-0.00383653
1.70456,5/13/2021 6:20,62.82,61.68,-38.32,-0.00283641
1.70803,5/13/2021 6:25,57.22,66.02,-33.98,-0.002052505
1.70217,5/13/2021 6:30,60.62,53.49,-46.51,-0.001268375
1.69544,5/13/2021 6:35,62.85,39.11,-60.89,5.80E-05
1.70429,5/13/2021 6:40,60.22,55.38,-44.62,0.000762556
1.70994,5/13/2021 6:45,57.81,62.23,-37.77,0.001130681
1.72256,5/13/2021 6:50,59.18,96.29,-3.71,0.001914625
1.73604,5/13/2021 6:55,57.47,94.17,-5.83,0.002752361
1.73927,5/13/2021 7:00,55.4,96.37,-3.63,0.004004544
1.73077,5/13/2021 7:05,54.32,78.95,-21.05,0.004902807
1.73424,5/13/2021 7:10,51.4,86.07,-13.93,0.00469986
1.72386,5/13/2021 7:15,46.87,64.8,-35.2,0.005511679
1.71984,5/13/2021 7:20,47.05,56.56,-43.44,0.004897572
1.72732,5/13/2021 7:25,42.55,71.89,-28.11,0.004156127
1.72579,5/13/2021 7:30,53.01,68.75,-31.25,0.002906623
1.71508,5/13/2021 7:35,53.4,46.8,-53.2,0.001576592
1.70933,5/13/2021 7:40,51.48,35.02,-64.98,0.001402759
1.71493,5/13/2021 7:45,48.95,41.56,-58.44,0.001263984
1.71409,5/13/2021 7:50,50.36,38.88,-61.12,0.002393908
1.72804,5/13/2021 7:55,52.57,61.9,-38.1,0.003849191
1.73464,5/13/2021 8:00,48.28,69.06,-30.94,0.004958234
1.71843,5/13/2021 8:05,37.47,28.67,-71.33,0.00560672
1.70667,5/13/2021 8:10,39.72,8.47,-91.53,0.006502233
1.69131,5/13/2021 8:15,37.77,0.46,-99.54,0.007035652
1.69938,5/13/2021 8:20,39.84,19.35,-80.65,0.006879838
1.69876,5/13/2021 8:25,42.5,18.3,-81.7,0.006719769
1.69858,5/13/2021 8:30,43.48,18,-82,0.006963871
1.6972,5/13/2021 8:35,42.75,15.66,-84.34,0.006318763
1.68521,5/13/2021 8:40,38.82,3.65,-96.35,0.006056586
1.68323,5/13/2021 8:45,41.01,10.76,-89.24,0.006578374
1.67725,5/13/2021 8:50,40.26,2.4,-97.6,0.006904605
1.65919,5/13/2021 8:55,39.95,13.23,-86.77,0.008786644
1.68146,5/13/2021 9:00,46.9,35.22,-64.78,0.009623162
1.67001,5/13/2021 9:05,46.74,23.92,-76.08,0.009089026
1.65126,5/13/2021 9:10,45.57,6.13,-93.87,0.008316789
1.66986,5/13/2021 9:15,50.46,33.92,-66.08,0.006044728
1.66733,5/13/2021 9:20,48.1,35,-65,0.004533807
1.67591,5/13/2021 9:25,47.93,49.59,-50.41,0.003130073
1.69589,5/13/2021 9:30,49.58,82.48,-17.52,0.001288404
1.6809,5/13/2021 9:35,45.28,62.13,-37.87,-1.08E-05
1.65569,5/13/2021 9:40,39.25,18.27,-81.73,-0.000672412
1.63388,5/13/2021 9:45,41.48,0.87,-99.13,9.91E-05
1.61,5/13/2021 9:50,39.33,12.5,-87.5,0.001633237
1.61673,5/13/2021 9:55,34.75,19.29,-80.71,0.001307569
1.64571,5/13/2021 10:00,37.13,47.38,-52.62,0.00147024
1.6712,5/13/2021 10:05,40.8,72.09,-27.91,-0.000738086
1.67597,5/13/2021 10:10,38.11,76.72,-23.28,-0.004491984
1.68165,5/13/2021 10:15,33.85,82.22,-17.78,-0.00613697
1.67394,5/13/2021 10:20,35.68,74.75,-25.25,-0.007040582
1.68834,5/13/2021 10:25,37.53,88.71,-11.29,-0.007182045
1.6662,5/13/2021 10:30,39.01,67.25,-32.75,-0.004997975
1.68763,5/13/2021 10:35,42.25,88.02,-11.98,-0.004693191
1.72293,5/13/2021 10:40,47.12,100,0,-0.007575677
1.73665,5/13/2021 10:45,45.07,95.17,-4.83,-0.012017742
1.74005,5/13/2021 10:50,44.24,93.66,-6.34,-0.017426568
1.79736,5/13/2021 10:55,49.94,98.7,-1.3,-0.024065383
1.79111,5/13/2021 11:00,59.19,95.62,-4.38,-0.027184494
1.78796,5/13/2021 11:05,65.95,72.37,-27.63,-0.027012027
1.82192,5/13/2021 11:10,66.32,86.42,-13.58,-0.028199911
1.82307,5/13/2021 11:15,63.4,85.6,-14.4,-0.027736248
1.77853,5/13/2021 11:20,54.29,61.77,-38.23,-0.024879915
1.78123,5/13/2021 11:25,53.95,63.21,-36.79,-0.021794505
1.76136,5/13/2021 11:30,52.63,52.59,-47.41,-0.019869827
1.78403,5/13/2021 11:35,52.87,64.71,-35.29,-0.01804548
1.78575,5/13/2021 11:40,51.37,64.87,-35.13,-0.015111846
1.78943,5/13/2021 11:45,48.91,63.45,-36.55,-0.011456966
1.81371,5/13/2021 11:50,46.59,71.25,-28.75,-0.008161158
1.80675,5/13/2021 11:55,51.85,63.01,-36.99,-0.000337672
1.82637,5/13/2021 12:00,54.41,78.45,-21.55,0.005750431
1.86803,5/13/2021 12:05,51.46,98.49,-1.51,0.008690068
1.85859,5/13/2021 12:10,51.81,86.13,-13.87,0.012814063
1.85098,5/13/2021 12:15,52.38,79.7,-20.3,0.015404101
1.83584,5/13/2021 12:20,50.7,66.9,-33.1,0.014192233
1.83609,5/13/2021 12:25,57.1,67.11,-32.89,0.012625046
1.8275,5/13/2021 12:30,71.92,59.85,-40.15,0.010014055
1.8205,5/13/2021 12:35,74.01,53.93,-46.07,0.008818535
1.81519,5/13/2021 12:40,79.64,49.44,-50.56,0.009145308
1.80148,5/13/2021 12:45,75.92,27.14,-72.86,0.009792649
1.83472,5/13/2021 12:50,81.61,60.08,-39.92,0.009663402
1.83581,5/13/2021 12:55,85.32,56.47,-43.53,0.008792674
1.81178,5/13/2021 13:00,82.57,26.5,-73.5,0.01057397
1.81411,5/13/2021 13:05,77.48,23.49,-76.51,0.013099545
1.81469,5/13/2021 13:10,80,24.21,-75.79,0.014697906
1.78701,5/13/2021 13:15,70.31,7.38,-92.62,0.016480942
1.79598,5/13/2021 13:20,64.65,18.2,-81.8,0.015260584
1.81011,5/13/2021 13:25,62.12,34.3,-65.7,0.013562053
1.82464,5/13/2021 13:30,63.04,71.68,-28.32,0.012362066
1.81249,5/13/2021 13:35,59.42,56.97,-43.03,0.011095114
1.80913,5/13/2021 13:40,58.73,51.08,-48.92,0.010195658
1.81222,5/13/2021 13:45,60.22,56.5,-43.5,0.007562087
1.80809,5/13/2021 13:50,60.92,49.25,-50.75,0.008048041
1.80143,5/13/2021 13:55,63.1,37.58,-62.42,0.008919943
1.8182,5/13/2021 14:00,56.16,66.98,-33.02,0.006729543
1.80817,5/13/2021 14:05,53.64,50.33,-49.67,0.00564846
1.82438,5/13/2021 14:10,60.86,92.48,-7.52,0.003416074
1.83599,5/13/2021 14:15,64.54,94.61,-5.39,-0.002435543
1.84964,5/13/2021 14:20,62.35,95.87,-4.13,-0.007045526
1.83807,5/13/2021 14:25,67.61,77.33,-22.67,-0.009090684
1.827,5/13/2021 14:30,68.74,56.63,-43.37,-0.008763815
1.83529,5/13/2021 14:35,68.71,67.86,-32.14,-0.009274515
1.83436,5/13/2021 14:40,70.5,66.14,-33.86,-0.009118402
1.86242,5/13/2021 14:45,75.71,96.2,-3.8,-0.00944864
1.87189,5/13/2021 14:50,73.92,90.03,-9.97,-0.009934046
1.86547,5/13/2021 14:55,70.21,78.17,-21.83,-0.009937476
1.83621,5/13/2021 15:00,59.95,43.93,-56.07,-0.008940202
1.85139,5/13/2021 15:05,57.13,60.45,-39.55,-0.009704132
1.869,5/13/2021 15:10,57.69,81.04,-18.96,-0.009126986
1.89457,5/13/2021 15:15,58.3,94.32,-5.68,-0.008679964
1.89934,5/13/2021 15:20,56.55,86.14,-13.86,-0.007447429
1.945,5/13/2021 15:25,60.19,100,0,-0.008052143
1.91,5/13/2021 15:30,55.18,73.39,-26.61,-0.008359574
1.92686,5/13/2021 15:35,53.25,86.21,-13.79,-0.00927626
1.95418,5/13/2021 15:40,50.76,96.69,-3.31,-0.011819927
1.92625,5/13/2021 15:45,49.79,75.19,-24.81,-0.010358696
1.91285,5/13/2021 15:50,46.65,63.71,-36.29,-0.007774975
1.93413,5/13/2021 15:55,45.88,80,-20,-0.006854202
1.90858,5/13/2021 16:00,47.26,59.38,-40.62,-0.007025556
1.89604,5/13/2021 16:05,46.86,49.26,-50.74,-0.005201245
1.90384,5/13/2021 16:10,46.33,55.55,-44.45,-0.003262452
1.90534,5/13/2021 16:15,44.25,51.43,-48.57,0.000530686
1.893,5/13/2021 16:20,46.26,36.21,-63.79,0.003950316
1.90349,5/13/2021 16:25,42.27,37.47,-62.53,0.009030606
1.91802,5/13/2021 16:30,44.01,53.87,-46.13,0.009692385
1.92394,5/13/2021 16:35,36.71,60.55,-39.45,0.011609927
1.87405,5/13/2021 16:40,34.27,7.49,-92.51,0.017412699
1.86672,5/13/2021 16:45,35.49,30.78,-69.22,0.019970218
1.85327,5/13/2021 16:50,32.58,20.68,-79.32,0.02140817
1.85506,5/13/2021 16:55,31.4,23.6,-76.4,0.022802214
1.84461,5/13/2021 17:00,32.76,15.19,-84.81,0.022010101
1.83859,5/13/2021 17:05,28.49,10.35,-89.65,0.020624618
1.84806,5/13/2021 17:10,31.1,20.05,-79.95,0.020697263
1.88874,5/13/2021 17:15,41.93,56.57,-43.43,0.018389417
1.86572,5/13/2021 17:20,41.97,35.9,-64.1,0.015562709
1.83921,5/13/2021 17:25,43.42,12.1,-87.9,0.014400374
1.81938,5/13/2021 17:30,41.97,5.03,-94.97,0.015270014
1.81702,5/13/2021 17:35,46.99,5.52,-94.48,0.015170842
1.83981,5/13/2021 17:40,48.42,23.45,-76.55,0.011921051
1.86191,5/13/2021 17:45,52.48,44.54,-55.46,0.007127832
1.85758,5/13/2021 17:50,59.91,57.78,-42.22,0.001225032
1.8675,5/13/2021 17:55,57.4,69.83,-30.17,-0.002964547
1.88955,5/13/2021 18:00,57.82,92.06,-7.94,-0.007669766
1.88281,5/13/2021 18:05,62.56,84.26,-15.74,-0.012526696
1.90775,5/13/2021 18:10,61.67,98.27,-1.73,-0.015814389
1.88097,5/13/2021 18:15,57.89,69.4,-30.6,-0.013461117
1.90141,5/13/2021 18:20,59.24,89.39,-10.61,-0.013460369
1.91571,5/13/2021 18:25,54.05,95.47,-4.53,-0.015688267
1.89456,5/13/2021 18:30,54.6,74.97,-25.03,-0.017689157
1.88674,5/13/2021 18:35,59.4,68.04,-31.96,-0.019675898
1.8683,5/13/2021 18:40,59.78,51.69,-48.31,-0.019384541
1.88193,5/13/2021 18:45,56.38,60.41,-39.59,-0.018240729
1.8642,5/13/2021 18:50,54.9,29.42,-70.58,-0.015266631
1.86322,5/13/2021 18:55,55.69,15.59,-84.41,-0.011719902
1.87872,5/13/2021 19:00,52.75,37.55,-62.45,-0.006713056
1.88155,5/13/2021 19:05,51.97,37.22,-62.78,-0.002929506
1.88757,5/13/2021 19:10,48.38,46.2,-53.8,0.002031278
1.89634,5/13/2021 19:15,44.99,59.59,-40.41,0.003803195
1.90046,5/13/2021 19:20,40.23,65.89,-34.11,0.005779292
1.90135,5/13/2021 19:25,41.12,67.25,-32.75,0.006677529
1.91381,5/13/2021 19:30,40,86.28,-13.72,0.005746823
1.88844,5/13/2021 19:35,37.06,47.53,-52.47,0.006024839
1.89263,5/13/2021 19:40,37.43,58.79,-41.21,0.005277516
1.87963,5/13/2021 19:45,37.6,37.14,-62.86,0.006260944
1.87512,5/13/2021 19:50,43.34,29.29,-70.71,0.005165797
1.86481,5/13/2021 19:55,40.54,12.03,-87.97,0.003973473
1.85245,5/13/2021 20:00,41.99,3.85,-96.15,0.004678152
1.86001,5/13/2021 20:05,38.45,15.05,-84.95,0.004963173
1.8776,5/13/2021 20:10,38.05,41.1,-58.9,0.004257462
1.89139,5/13/2021 20:15,39.64,61.52,-38.48,0.003868538
1.8707,5/13/2021 20:20,37.87,30.88,-69.12,0.003868786
1.87654,5/13/2021 20:25,36.29,39.53,-60.47,0.004589688
1.8896,5/13/2021 20:30,38.87,58.87,-41.13,0.005091963
1.8952,5/13/2021 20:35,43.98,67.17,-32.83,0.002877019
1.89478,5/13/2021 20:40,44.06,71.33,-28.67,0.001861156
1.88946,5/13/2021 20:45,49.8,72.67,-27.33,0.000601935
1.90464,5/13/2021 20:50,52.07,99.19,-0.81,-0.000718993
1.91455,5/13/2021 20:55,53.86,100,0,-0.003506995
1.91144,5/13/2021 21:00,53.37,93.63,-6.37,-0.006076677
1.92178,5/13/2021 21:05,56.66,99.81,-0.19,-0.008003622
1.91729,5/13/2021 21:10,62.66,72.62,-27.38,-0.008445819
1.90021,5/13/2021 21:15,57.38,47.49,-52.51,-0.006904933
1.91362,5/13/2021 21:20,55.02,65.19,-34.81,-0.007786923
1.89791,5/13/2021 21:25,51.52,44.46,-55.54,-0.007642484
1.90582,5/13/2021 21:30,53.77,54.9,-45.1,-0.006874649
1.92684,5/13/2021 21:35,59.22,79.11,-20.89,-0.006551146
1.91691,5/13/2021 21:40,58.8,63.36,-36.64,-0.006426426
1.93395,5/13/2021 21:45,55.43,90.4,-9.6,-0.006659874
1.93396,5/13/2021 21:50,55.97,88.97,-11.03,-0.006016328
1.945,5/13/2021 21:55,53.68,94.8,-5.2,-0.004741351
1.93056,5/13/2021 22:00,52.17,71.24,-28.76,-0.002965734
1.91976,5/13/2021 22:05,51.19,45.35,-54.65,1.40E-05
1.91665,5/13/2021 22:10,50.9,39.37,-60.63,0.002763382
1.92657,5/13/2021 22:15,48.91,58.44,-41.56,0.00318463
1.94804,5/13/2021 22:20,49.93,98.15,-1.85,0.002916602
1.94883,5/13/2021 22:25,51.32,97.83,-2.17,0.000806082
1.96359,5/13/2021 22:30,53.54,98.39,-1.61,-0.000590463
1.96994,5/13/2021 22:35,55.91,85.17,-14.83,-0.000839472
1.95547,5/13/2021 22:40,54.32,64.49,-35.51,-0.001697232
1.92323,5/13/2021 22:45,43.17,14.79,-85.21,-6.23E-05
1.90831,5/13/2021 22:50,41.98,2.09,-97.91,0.002217839
1.902,5/13/2021 22:55,42.87,7.34,-92.66,0.005735659
1.87888,5/13/2021 23:00,38.02,18.37,-81.63,0.008174751
1.88539,5/13/2021 23:05,37.6,23.48,-76.52,0.008828642
1.90215,5/13/2021 23:10,40.05,36.65,-63.35,0.008270265
1.90539,5/13/2021 23:15,35.94,39.2,-60.8,0.007731413
1.88976,5/13/2021 23:20,33.24,26.92,-73.08,0.009435234
1.90442,5/13/2021 23:25,35.39,38.43,-61.57,0.010700149
1.90516,5/13/2021 23:30,35.9,39.02,-60.98,0.012360469
1.92439,5/13/2021 23:35,41.43,54.12,-45.88,0.014052872
1.93135,5/13/2021 23:40,39.31,59.59,-40.41,0.014041329
1.92617,5/13/2021 23:45,42.96,61.14,-38.86,0.011162962
1.93344,5/13/2021 23:50,41.21,75.38,-24.62,0.00745193
1.92948,5/13/2021 23:55,48.43,84.72,-15.28,0.003103839
1.95058,5/14/2021 0:00,52.45,100,0,-0.003400824
1.91956,5/14/2021 0:05,44.56,67.37,-32.63,-0.007549086
1.90092,5/14/2021 0:10,45.24,44.2,-55.8,-0.00836273
1.90967,5/14/2021 0:15,45.78,44.32,-55.68,-0.008294813
1.92,5/14/2021 0:20,43.58,58.38,-41.62,-0.009072567
1.905,5/14/2021 0:25,46.37,37.97,-62.03,-0.007906305
1.916,5/14/2021 0:30,47.08,46.03,-53.97,-0.007791146
1.91866,5/14/2021 0:35,43.29,48.87,-51.13,-0.006308257
1.91197,5/14/2021 0:40,42.27,38.15,-61.85,-0.004745428
1.89653,5/14/2021 0:45,38.58,13.42,-86.58,-0.003719839
1.89616,5/14/2021 0:50,42.06,21.48,-78.52,-0.002031138
1.88228,5/14/2021 0:55,39.77,1.68,-98.32,0.000814612
1.88257,5/14/2021 1:00,37.77,13.39,-86.61,0.005379075
1.88381,5/14/2021 1:05,33.22,14.96,-85.04,0.007025578
1.89145,5/14/2021 1:10,27.7,25.05,-74.95,0.007426304
1.89246,5/14/2021 1:15,29.31,40.08,-59.92,0.007833303
1.89803,5/14/2021 1:20,34.98,51.02,-48.98,0.007944293
1.89796,5/14/2021 1:25,31.32,50.88,-49.12,0.006607983
1.89476,5/14/2021 1:30,32.6,44.6,-55.4,0.006676501
1.89206,5/14/2021 1:35,38.63,39.29,-60.71,0.006421385
1.88223,5/14/2021 1:40,31.76,19.98,-80.02,0.006105653
1.87577,5/14/2021 1:45,32.41,19.74,-80.26,0.004587449
1.87839,5/14/2021 1:50,28.54,26.32,-73.68,0.002967949
1.89309,5/14/2021 1:55,40.73,70.13,-29.87,0.000113879
1.88824,5/14/2021 2:00,39.99,61.19,-38.81,-0.002343094
1.8886,5/14/2021 2:05,44.06,62.11,-37.89,-0.004155379
1.89254,5/14/2021 2:10,47.26,71.22,-28.78,-0.006028385
1.91292,5/14/2021 2:15,55.73,82.14,-17.86,-0.007101022
1.89343,5/14/2021 2:20,45.67,49.31,-50.69,-0.005933747
1.89498,5/14/2021 2:25,45.58,51.92,-48.08,-0.004965882
1.90196,5/14/2021 2:30,42.66,63.68,-36.32,-0.004847528
1.89594,5/14/2021 2:35,46.67,53.54,-46.46,-0.004093684
1.89168,5/14/2021 2:40,44.83,46.36,-53.64,-0.004442033
1.88641,5/14/2021 2:45,42.58,37.48,-62.52,-0.005204487
1.87767,5/14/2021 2:50,42.97,22.76,-77.24,-0.005177962
1.87395,5/14/2021 2:55,44.48,1.67,-98.33,-0.003503271
1.87163,5/14/2021 3:00,49.03,0.29,-99.71,-0.002381346
1.87533,5/14/2021 3:05,42.23,7.4,-92.6,-0.000943297
1.88327,5/14/2021 3:10,41.26,22.66,-77.34,0.000331929
1.87683,5/14/2021 3:15,45.04,11.61,-88.39,0.003099575
1.87762,5/14/2021 3:20,42,13.1,-86.9,0.003750674
1.88556,5/14/2021 3:25,34.4,29.45,-70.55,0.003886462
1.86762,5/14/2021 3:30,37.1,0,-100,0.004770104
1.87426,5/14/2021 3:35,39.79,17.4,-82.6,0.004616967
1.87247,5/14/2021 3:40,41.57,13.8,-86.2,0.004310237
1.87174,5/14/2021 3:45,37.74,28.04,-71.96,0.003700683
1.86471,5/14/2021 3:50,38.55,10.01,-89.99,0.003104373
1.86211,5/14/2021 3:55,40.89,22.34,-77.66,0.002600868
1.86986,5/14/2021 4:00,47.42,43.1,-56.9,0.001779839
1.87355,5/14/2021 4:05,45.55,52.99,-47.01,0.000689914
1.87759,5/14/2021 4:10,43.93,63.81,-36.19,0.00031812
1.87313,5/14/2021 4:15,44.09,51.86,-48.14,-0.000184464
1.86603,5/14/2021 4:20,39.9,32.84,-67.16,-0.000348845
1.85772,5/14/2021 4:25,39.05,10.58,-89.42,-0.000202255
1.86436,5/14/2021 4:30,45.28,30.62,-69.38,-0.000955778
1.85787,5/14/2021 4:35,41.52,17.26,-82.74,-0.000872111
1.84668,5/14/2021 4:40,42.76,15.52,-84.48,-0.000655498
1.86611,5/14/2021 4:45,49.7,63.8,-36.2,-0.001084394
1.85297,5/14/2021 4:50,43.62,31.76,-68.24,-0.001356122
1.87113,5/14/2021 4:55,51.88,76.05,-23.95,-0.002300624
1.85667,5/14/2021 5:00,48.32,40.78,-59.22,-0.001677784
1.85588,5/14/2021 5:05,42.29,38.85,-61.15,-0.00066086
1.85956,5/14/2021 5:10,40.86,47.83,-52.17,0.00052367
1.85943,5/14/2021 5:15,39.6,47.51,-52.49,0.001046688
1.84899,5/14/2021 5:20,42.62,22.05,-77.95,0.001122286
1.84511,5/14/2021 5:25,44.01,14.5,-85.5,0.000948378
1.84718,5/14/2021 5:30,42.15,30.79,-69.21,0.00110039
1.84623,5/14/2021 5:35,44.84,28.36,-71.64,0.000451621
1.85136,5/14/2021 5:40,41.84,41.46,-58.54,-0.000705711
1.86152,5/14/2021 5:45,43.69,71.7,-28.3,-0.000910307
1.85702,5/14/2021 5:50,48.27,59.48,-40.52,-0.001749719
1.86137,5/14/2021 5:55,43.08,71.29,-28.71,-0.001172624
1.86105,5/14/2021 6:00,53.51,70.42,-29.58,-0.00140095
1.85369,5/14/2021 6:05,42.26,52.68,-47.32,-0.001237834
1.84516,5/14/2021 6:10,46.77,33.82,-66.18,-0.000730147
1.8373,5/14/2021 6:15,47.88,7.34,-92.66,-4.36E-05
1.83067,5/14/2021 6:20,45.38,9.7,-90.3,-0.000115028
1.82335,5/14/2021 6:25,50.37,5.14,-94.86,-0.000111327
1.8332,5/14/2021 6:30,52.3,28.39,-71.61,-0.000104607
1.82437,5/14/2021 6:35,48.68,7.55,-92.45,0.000375683
1.82432,5/14/2021 6:40,45.18,7.43,-92.57,0.000997219
1.81657,5/14/2021 6:45,42.64,7.03,-92.97,0.002767792
1.82653,5/14/2021 6:50,45.91,26.74,-73.26,0.00393538
1.83928,5/14/2021 6:55,49.01,51.97,-48.03,0.004083269
1.84176,5/14/2021 7:00,45.93,56.88,-43.12,0.004518429
1.84369,5/14/2021 7:05,45.06,60.7,-39.3,0.003547586
1.85231,5/14/2021 7:10,43.02,77.76,-22.24,0.002108842
1.85978,5/14/2021 7:15,44.91,90.81,-9.19,-0.000109741
1.85662,5/14/2021 7:20,47.39,84.68,-15.32,-0.002568617
1.85808,5/14/2021 7:25,45.92,87.51,-12.49,-0.00529201
1.86388,5/14/2021 7:30,45.79,89.91,-10.09,-0.006592257
1.867,5/14/2021 7:35,49.37,90.66,-9.34,-0.008121911
1.86849,5/14/2021 7:40,47.17,90.2,-9.8,-0.009394556
1.86462,5/14/2021 7:45,53.95,82,-18,-0.010606025
1.85929,5/14/2021 7:50,55.96,73.53,-26.47,-0.010700625
1.86909,5/14/2021 7:55,60.99,88.75,-11.25,-0.010404141
1.86936,5/14/2021 8:00,57.97,86.77,-13.23,-0.009728257
1.871,5/14/2021 8:05,52.01,88.07,-11.93,-0.009173638
1.88413,5/14/2021 8:10,56.31,99.02,-0.98,-0.008608529
1.88539,5/14/2021 8:15,57.18,100,0,-0.007312399
1.8787,5/14/2021 8:20,54.59,78.62,-21.38,-0.00589112
1.88282,5/14/2021 8:25,52.43,70.59,-29.41,-0.004513703
1.8868,5/14/2021 8:30,51.01,79.49,-20.51,-0.002970083
1.89557,5/14/2021 8:35,53.05,98.91,-1.09,-0.001591666
1.88574,5/14/2021 8:40,47.96,72.54,-27.46,-0.000335897
1.87913,5/14/2021 8:45,45.89,54.81,-45.19,0.00093119
1.88282,5/14/2021 8:50,48.37,64.71,-35.29,0.001346136
1.87758,5/14/2021 8:55,44.42,50.66,-49.34,0.002733427
1.87553,5/14/2021 9:00,43.83,43.45,-56.55,0.003597643
1.86868,5/14/2021 9:05,41.28,22.29,-77.71,0.004206686
1.86497,5/14/2021 9:10,47.34,3.58,-96.42,0.005670356
1.87767,5/14/2021 9:15,50.83,43.07,-56.93,0.006405951
1.8712,5/14/2021 9:20,44.99,22.95,-77.05,0.006436123
1.8678,5/14/2021 9:25,41.43,17.26,-82.74,0.006566222
1.87202,5/14/2021 9:30,41.96,29.65,-70.35,0.006857589
1.88062,5/14/2021 9:35,41.78,55.49,-44.51,0.007235464
1.87657,5/14/2021 9:40,44.39,43.47,-56.53,0.006795201
1.88298,5/14/2021 9:45,48.21,65.42,-34.58,0.00551566
1.89456,5/14/2021 9:50,52.33,99.97,-0.03,0.0041111
1.89834,5/14/2021 9:55,50.59,86.88,-13.12,0.002573735
1.88673,5/14/2021 10:00,45.92,59.18,-40.82,0.001794776
1.89163,5/14/2021 10:05,45.31,70.87,-29.13,0.000113699
1.88969,5/14/2021 10:10,47.43,66.25,-33.75,-0.001484786
1.88693,5/14/2021 10:15,49.15,59.66,-40.34,-0.001743266
1.88131,5/14/2021 10:20,48.64,46.25,-53.75,-0.002453998
1.87941,5/14/2021 10:25,47.71,41.72,-58.28,-0.003139132
1.87667,5/14/2021 10:30,51.85,35.19,-64.81,-0.003007346
1.8735,5/14/2021 10:35,55.07,23.71,-76.29,-0.0021981
1.87216,5/14/2021 10:40,57.12,3.83,-96.17,-0.001845857
1.8729,5/14/2021 10:45,61.35,6.07,-93.93,-0.001312715
1.88288,5/14/2021 10:50,63.5,36.37,-63.63,-9.53E-05
1.87595,5/14/2021 10:55,60.01,15.33,-84.67,0.001667148
1.887,5/14/2021 11:00,60.05,48.88,-51.12,0.001790737
1.87472,5/14/2021 11:05,59.4,11.61,-88.39,0.002825595
1.88324,5/14/2021 11:10,66.13,43.28,-56.72,0.003169486
1.8767,5/14/2021 11:15,69.78,22.04,-77.96,0.003659659
1.87691,5/14/2021 11:20,70.56,27.12,-72.88,0.003748936
1.8719,5/14/2021 11:25,70.45,17.09,-82.91,0.003348764
1.869,5/14/2021 11:30,71.41,15.98,-84.02,0.003034061
1.87033,5/14/2021 11:35,68,22.18,-77.82,0.002582015
1.87216,5/14/2021 11:40,67.46,29.1,-70.9,0.001966795
1.8696,5/14/2021 11:45,69.15,19.43,-80.57,0.001228793
1.86767,5/14/2021 11:50,69.71,12.13,-87.87,0.001607106
1.8649,5/14/2021 11:55,68.87,5.21,-94.79,0.001352782
1.8543,5/14/2021 12:00,63.84,1.59,-98.41,0.002047978
1.85645,5/14/2021 12:05,60.47,7.36,-92.64,0.001579075
1.85276,5/14/2021 12:10,54.59,0,-100,0.002341149
1.85748,5/14/2021 12:15,53.48,14.62,-85.38,0.002187172
1.8594,5/14/2021 12:20,41.02,20.57,-79.43,0.00204682
1.85984,5/14/2021 12:25,43.15,28.37,-71.63,0.001579991
1.87538,5/14/2021 12:30,55.97,90.62,-9.38,0.000458245
1.8669,5/14/2021 12:35,54.32,60.9,-39.1,2.56E-05
1.86913,5/14/2021 12:40,51.08,70.5,-29.5,-0.000219932
1.86172,5/14/2021 12:45,50.1,38.59,-61.41,-0.000116194
1.86946,5/14/2021 12:50,51.35,73.83,-26.17,-0.00045095
1.88,5/14/2021 12:55,52.7,97.67,-2.33,-0.001271605
1.86939,5/14/2021 13:00,46.64,54.36,-45.64,-0.002655048
1.86694,5/14/2021 13:05,46.74,46.36,-53.64,-0.003314185
1.871,5/14/2021 13:10,49.05,59.63,-40.37,-0.004655589
1.88065,5/14/2021 13:15,52.41,80.93,-19.07,-0.005458884
1.87983,5/14/2021 13:20,55.37,76.4,-23.6,-0.00621138
1.89268,5/14/2021 13:25,59.89,100,0,-0.007020314
1.90842,5/14/2021 13:30,63.92,100,0,-0.007053981
1.91435,5/14/2021 13:35,60.15,93.02,-6.98,-0.007638034
1.92387,5/14/2021 13:40,59,97.07,-2.93,-0.008188849
1.93046,5/14/2021 13:45,58.68,88.31,-11.69,-0.009522551
1.92128,5/14/2021 13:50,57.47,76.44,-23.56,-0.009735354
1.93347,5/14/2021 13:55,59.22,92.07,-7.93,-0.009533069
1.9194,5/14/2021 14:00,54.32,73.86,-26.14,-0.009457076
1.91902,5/14/2021 14:05,57.83,73.37,-26.63,-0.009414558
1.91285,5/14/2021 14:10,58.73,65.42,-34.58,-0.008447039
1.91085,5/14/2021 14:15,58.61,62.25,-37.75,-0.006791968
1.91407,5/14/2021 14:20,57.82,63.42,-36.58,-0.00541051
1.90605,5/14/2021 14:25,55.43,48.02,-51.98,-0.003135565
1.9179,5/14/2021 14:30,52.88,62.85,-37.15,-0.000695615
1.90825,5/14/2021 14:35,50.5,36.75,-63.25,0.002121624
1.90558,5/14/2021 14:40,42.57,11.09,-88.91,0.004733604
1.91151,5/14/2021 14:45,39.6,26.56,-73.44,0.007347444
1.91435,5/14/2021 14:50,33.48,33.97,-66.03,0.008474071
1.91095,5/14/2021 14:55,34.97,26.16,-73.84,0.0104987
1.91866,5/14/2021 15:00,36.14,47.13,-52.87,0.010441786
1.92309,5/14/2021 15:05,30.77,67.87,-32.13,0.009546772
1.91926,5/14/2021 15:10,35.51,62.19,-37.81,0.0086475
1.92177,5/14/2021 15:15,33.54,70.9,-29.1,0.007592046
1.94061,5/14/2021 15:20,42.35,84.49,-15.51,0.006014844
1.93389,5/14/2021 15:25,40.3,70.04,-29.96,0.004027363
1.93056,5/14/2021 15:30,43.96,62.87,-37.13,0.003475491
1.92437,5/14/2021 15:35,46.74,49.56,-50.44,0.002173211
1.92912,5/14/2021 15:40,42.18,59.78,-40.22,0.000377685
1.91595,5/14/2021 15:45,41.79,31.45,-68.55,-0.000309274
1.91377,5/14/2021 15:50,46.78,16.15,-83.85,-0.000843769
1.91506,5/14/2021 15:55,47.04,19.33,-80.67,-0.001715509
1.9098,5/14/2021 16:00,48.95,6.38,-93.62,-0.001254321
1.9101,5/14/2021 16:05,44.95,17.41,-82.59,-0.000874937
1.90784,5/14/2021 16:10,46.15,12.46,-87.54,-0.000258029
1.91551,5/14/2021 16:15,46.55,29.25,-70.75,0.000295583
1.91248,5/14/2021 16:20,46.69,22.62,-77.38,0.002521116
1.90613,5/14/2021 16:25,48.81,11.69,-88.31,0.004182021
1.91285,5/14/2021 16:30,36.84,30.48,-69.52,0.00494674
1.89266,5/14/2021 16:35,30.34,0,-100,0.006135903
1.89244,5/14/2021 16:40,29.64,5.44,-94.56,0.006939865
1.90257,5/14/2021 16:45,37.13,28.01,-71.99,0.006496071
1.90565,5/14/2021 16:50,41.34,42.71,-57.29,0.005779804
1.90753,5/14/2021 16:55,42.04,52.17,-47.83,0.004861813
1.91115,5/14/2021 17:00,40.31,62.95,-37.05,0.003302371
1.90543,5/14/2021 17:05,41.87,45.92,-54.08,0.002394778
1.90549,5/14/2021 17:10,38.94,46.1,-53.9,0.00127059
1.89693,5/14/2021 17:15,41.62,20.63,-79.37,0.001098013
1.89863,5/14/2021 17:20,37.82,25.68,-74.32,0.000940488
1.90077,5/14/2021 17:25,36.03,39.84,-60.16,0.000331896
1.9,5/14/2021 17:30,34.64,39.31,-60.69,-0.000253053
1.90178,5/14/2021 17:35,29.36,46.31,-53.69,-0.002045294
1.90396,5/14/2021 17:40,30.04,54.87,-45.13,-0.003552404
1.89845,5/14/2021 17:45,37.63,33.22,-66.78,-0.003682816
1.89365,5/14/2021 17:50,37.54,9.09,-90.91,-0.003463675
1.89628,5/14/2021 17:55,38.49,20.07,-79.93,-0.002753159
1.89817,5/14/2021 18:00,39.96,27.95,-72.05,-0.001734776
1.89664,5/14/2021 18:05,41.83,21.57,-78.43,-0.001136774
1.89665,5/14/2021 18:10,42.49,23.46,-76.54,-0.000397368
1.89996,5/14/2021 18:15,47.98,42.79,-57.21,-0.000514993
1.90725,5/14/2021 18:20,54.13,79.54,-20.46,-0.000870549
1.89394,5/14/2021 18:25,50.54,12.45,-87.55,-0.000937448
1.90717,5/14/2021 18:30,58.09,79.13,-20.87,-0.001529168
1.90085,5/14/2021 18:35,57.91,47.28,-52.72,-0.001471013
1.91265,5/14/2021 18:40,60.56,76.61,-23.39,-0.001917943
1.92319,5/14/2021 18:45,64.94,84.62,-15.38,-0.002367676
1.91955,5/14/2021 18:50,65.22,74.68,-25.32,-0.002919329
1.91986,5/14/2021 18:55,68.88,75.53,-24.47,-0.003485658
1.91222,5/14/2021 19:00,66.73,54.66,-45.34,-0.003639653
1.9079,5/14/2021 19:05,63.79,42.86,-57.14,-0.003779451
1.90094,5/14/2021 19:10,60.98,23.85,-76.15,-0.003691091
1.90559,5/14/2021 19:15,57.76,36.55,-63.45,-0.003352745
1.89852,5/14/2021 19:20,55.01,17.24,-82.76,-0.002156505
1.90254,5/14/2021 19:25,53.98,28.22,-71.78,-0.001946386
1.90974,5/14/2021 19:30,53.72,47.88,-52.12,-0.001143895
1.92009,5/14/2021 19:35,56.31,75.96,-24.04,-0.001443554
1.91958,5/14/2021 19:40,55.85,71.72,-28.28,-0.000870839
1.91744,5/14/2021 19:45,56.75,65.17,-34.83,0.000385976
1.9161,5/14/2021 19:50,56.81,61.07,-38.93,0.001128934
1.91826,5/14/2021 19:55,54.95,69.75,-30.25,0.001830069
1.93749,5/14/2021 20:00,64.56,99.98,-0.02,0.001211185
1.93815,5/14/2021 20:05,58.6,84.25,-15.75,0.000253232
1.94589,5/14/2021 20:10,59.43,93.2,-6.8,-0.001548799
1.95268,5/14/2021 20:15,62.09,96.57,-3.43,-0.002988891
1.95148,5/14/2021 20:20,68.68,89.79,-10.21,-0.004804851
1.92943,5/14/2021 20:25,56.53,54.01,-45.99,-0.005281234
1.92407,5/14/2021 20:30,57.09,42.84,-57.16,-0.005016377
1.92546,5/14/2021 20:35,57.31,40.63,-59.37,-0.003439314
1.95733,5/14/2021 20:40,64.72,99.08,-0.92,-0.003609425
1.97307,5/14/2021 20:45,66.6,89.71,-10.29,-0.004261051
1.95884,5/14/2021 20:50,59.67,68.58,-31.42,-0.004743168
1.94482,5/14/2021 20:55,56.24,47.76,-52.24,-0.004880809
1.97,5/14/2021 21:00,56.58,84.41,-15.59,-0.004515855
1.97751,5/14/2021 21:05,51.95,96.01,-3.99,-0.004582881
1.9674,5/14/2021 21:10,50.69,79.8,-20.2,-0.003416442
1.98696,5/14/2021 21:15,53.93,100,0,-0.002476467
1.97707,5/14/2021 21:20,56.73,83.28,-16.72,-0.000928036
1.97624,5/14/2021 21:25,61.23,82.12,-17.88,-0.001363672
1.98137,5/14/2021 21:30,60.95,89.31,-10.69,-0.002234313
1.9786,5/14/2021 21:35,66.85,85.43,-14.57,-0.003051214
1.97079,5/14/2021 21:40,67.06,74.49,-25.51,-0.001427593
1.96766,5/14/2021 21:45,71.08,62.81,-37.19,0.000911615
1.96083,5/14/2021 21:50,69.58,46.77,-53.23,0.002114602
1.96308,5/14/2021 21:55,64.64,51.02,-48.98,0.002140845
1.96266,5/14/2021 22:00,69.93,50.23,-49.77,0.004090712
1.97372,5/14/2021 22:05,72.69,71.13,-28.87,0.00590388
1.994,5/14/2021 22:10,70.39,99.25,-0.75,0.005096787
1.9942,5/14/2021 22:15,67.04,90.57,-9.43,0.005537002
1.99631,5/14/2021 22:20,67.39,92.16,-7.84,0.00455531
1.99776,5/14/2021 22:25,65.33,95.07,-4.93,0.003320691
1.99373,5/14/2021 22:30,67.59,85.32,-14.68,0.002928179
1.99753,5/14/2021 22:35,64.93,94.35,-5.65,0.003025401
1.99315,5/14/2021 22:40,62.93,83.77,-16.23,0.002812011
1.99133,5/14/2021 22:45,59.46,79.38,-20.62,0.002570465
1.997,5/14/2021 22:50,64.8,93.07,-6.93,0.000715357
2.0252,5/14/2021 22:55,74.79,92.48,-7.52,-0.002476249
2.03137,5/14/2021 23:00,77.31,90.74,-9.26,-0.004933117
2.02912,5/14/2021 23:05,71.7,82.88,-17.12,-0.00563708
2.00865,5/14/2021 23:10,48.36,56.31,-43.69,-0.004737352
2.02238,5/14/2021 23:15,48.82,68.8,-31.2,-0.004590748
2.0221,5/14/2021 23:20,44.65,64.9,-35.1,-0.003745252
2.01568,5/14/2021 23:25,48.77,54.35,-45.65,-0.003112299
2.0084,5/14/2021 23:30,51.23,42.38,-57.62,-0.002043226
2.00334,5/14/2021 23:35,49.63,34.07,-65.93,-0.000625603
2.00457,5/14/2021 23:40,49.96,36.09,-63.91,-0.000171823
2.01588,5/14/2021 23:45,52.15,54.68,-45.32,-0.000529001
2.0123,5/14/2021 23:50,52.57,48.79,-51.21,-0.000140461
2.00648,5/14/2021 23:55,56.24,39.23,-60.77,0.002671502
2.03457,5/15/2021 0:00,61.27,81.24,-18.76,0.004645908
2.02338,5/15/2021 0:05,55.39,57.63,-42.37,0.006532359
2.02072,5/15/2021 0:10,57.99,52.02,-47.98,0.00666788
2.00551,5/15/2021 0:15,56.71,23.49,-76.51,0.007910669
1.97389,5/15/2021 0:20,53.72,0,-100,0.009469648
1.98748,5/15/2021 0:25,55.09,32.05,-67.95,0.009636842
2.00188,5/15/2021 0:30,59.15,52.11,-47.89,0.008317254
1.97263,5/15/2021 0:35,53.55,11.37,-88.63,0.007691044
1.98353,5/15/2021 0:40,50.03,26.55,-73.45,0.007021695
1.98314,5/15/2021 0:45,50.65,26.01,-73.99,0.007210672
1.97338,5/15/2021 0:50,54.98,12.41,-87.59,0.007743068
1.98235,5/15/2021 0:55,52.54,24.91,-75.09,0.007409249
1.98972,5/15/2021 1:00,48.98,35.17,-64.83,0.008776627
1.99929,5/15/2021 1:05,46.52,48.5,-51.5,0.007943922
2.01229,5/15/2021 1:10,42.22,68.81,-31.19,0.006304358
2.01332,5/15/2021 1:15,44.61,78.78,-21.22,0.003660825
2.01585,5/15/2021 1:20,41.49,93.33,-6.67,-0.000410035
2.01479,5/15/2021 1:25,44.29,91.86,-8.14,-0.003392682
2.01,5/15/2021 1:30,58.44,83.11,-16.89,-0.004580417
2.01006,5/15/2021 1:35,54.1,81.34,-18.66,-0.007315908
2.02489,5/15/2021 1:40,53.7,99.38,-0.62,-0.009030111
2.02663,5/15/2021 1:45,71.49,98.13,-1.87,-0.009972424
2.03918,5/15/2021 1:50,73.92,100,0,-0.011765295
2.06117,5/15/2021 1:55,75.78,94.28,-5.72,-0.013699788
2.06724,5/15/2021 2:00,91.6,88.86,-11.14,-0.014811281
2.08005,5/15/2021 2:05,92.1,91.18,-8.82,-0.015400136
2.07274,5/15/2021 2:10,78.87,83.11,-16.89,-0.015547593
2.0725,5/15/2021 2:15,77.36,81.07,-18.93,-0.014956235
2.09812,5/15/2021 2:20,79.7,98.12,-1.88,-0.015140844
2.08432,5/15/2021 2:25,65.54,83.62,-16.38,-0.014214456
2.0927,5/15/2021 2:30,65.58,92.35,-7.65,-0.012891018
2.08688,5/15/2021 2:35,62.23,86.26,-13.74,-0.011999777
2.07696,5/15/2021 2:40,59.51,75.87,-24.13,-0.010356585
2.11488,5/15/2021 2:45,66.16,98.17,-1.83,-0.009417411
2.12601,5/15/2021 2:50,65.03,96.76,-3.24,-0.008589515
2.12,5/15/2021 2:55,65.78,91.19,-8.81,-0.006080449
2.14643,5/15/2021 3:00,66.95,97.32,-2.68,-0.004219933
2.14789,5/15/2021 3:05,63.15,97.71,-2.29,-0.002212879
2.17381,5/15/2021 3:10,66.79,89.34,-10.66,-0.002420426
2.13513,5/15/2021 3:15,56.59,59.55,-40.45,-0.00153974
2.13789,5/15/2021 3:20,52.72,58.71,-41.29,0.000397479
2.12988,5/15/2021 3:25,58.96,50.15,-49.85,0.001266153
2.15694,5/15/2021 3:30,58.77,72.4,-27.6,0.001304444
2.16319,5/15/2021 3:35,57.4,78.01,-21.99,0.0004949
2.18039,5/15/2021 3:40,58.73,93.47,-6.53,-0.00145958
2.1646,5/15/2021 3:45,53.44,78.39,-21.61,0.000260132
2.14221,5/15/2021 3:50,47.12,57.69,-42.31,0.003069712
2.14681,5/15/2021 3:55,40.04,47.49,-52.51,0.004690506
2.14911,5/15/2021 4:00,38.92,48.16,-51.84,0.007484326
2.13,5/15/2021 4:05,36.84,20.01,-79.99,0.010119671
2.109,5/15/2021 4:10,33.55,0.46,-99.54,0.014922868
2.12361,5/15/2021 4:15,36.3,18.66,-81.34,0.015067717
2.12732,5/15/2021 4:20,30.36,23.28,-76.72,0.015154166
2.12853,5/15/2021 4:25,38.09,24.78,-75.22,0.014045977
2.12778,5/15/2021 4:30,39.21,23.85,-76.15,0.01404451
2.12638,5/15/2021 4:35,33.45,22.1,-77.9,0.014989418
2.13502,5/15/2021 4:40,26.98,32.86,-67.14,0.016322644
2.11899,5/15/2021 4:45,26.92,12.9,-87.1,0.017168456
2.12294,5/15/2021 4:50,24.94,17.82,-82.18,0.016437137
2.10463,5/15/2021 4:55,24.89,19.05,-80.95,0.015882866
2.10381,5/15/2021 5:00,25.04,21.85,-78.15,0.015096817
2.1305,5/15/2021 5:05,36.98,57.57,-42.43,0.01204204
2.13393,5/15/2021 5:10,37.54,70.85,-29.15,0.006600504
2.13755,5/15/2021 5:15,37.99,76.37,-23.63,0.002728279
2.12312,5/15/2021 5:20,39.99,54.36,-45.64,-0.000486768
2.14358,5/15/2021 5:25,43.31,85.57,-14.43,-0.002324918
2.14131,5/15/2021 5:30,48.3,82.11,-17.89,-0.003559423
2.15647,5/15/2021 5:35,47.83,91.88,-8.12,-0.004742213
2.16294,5/15/2021 5:40,47.06,83.8,-16.2,-0.005957123
2.1615,5/15/2021 5:45,53.68,80.87,-19.13,-0.007959037
2.17701,5/15/2021 5:50,56.24,96.97,-3.03,-0.010434491
2.16905,5/15/2021 5:55,59.08,88.35,-11.65,-0.013178499
2.15,5/15/2021 6:00,51.76,67.71,-32.29,-0.014052872
2.15064,5/15/2021 6:05,58.11,66.16,-33.84,-0.012915381
2.14139,5/15/2021 6:10,57.28,49.67,-50.33,-0.011166237
2.13471,5/15/2021 6:15,52.39,20.44,-79.56,-0.008236317
2.13689,5/15/2021 6:20,51.89,24.29,-75.71,-0.005954995
2.15272,5/15/2021 6:25,55.58,52.21,-47.79,-0.00351313
2.1369,5/15/2021 6:30,54.29,24.31,-75.69,-0.001176172
2.129,5/15/2021 6:35,52.62,8,-92,0.001961115
2.11813,5/15/2021 6:40,51.14,0,-100,0.005203176
2.10904,5/15/2021 6:45,45.93,11.33,-88.67,0.007980844
2.10391,5/15/2021 6:50,51.91,4.9,-95.1,0.011235252
2.10923,5/15/2021 6:55,45.74,11.56,-88.44,0.013590289
2.10917,5/15/2021 7:00,36.11,11.53,-88.47,0.013934726
2.13401,5/15/2021 7:05,44.2,49.51,-50.49,0.013634937
2.10478,5/15/2021 7:10,41.66,7.26,-92.74,0.013603442
2.085,5/15/2021 7:15,36.1,18.5,-81.5,0.012690473
2.08894,5/15/2021 7:20,32.84,23.35,-76.65,0.011654978
2.11378,5/15/2021 7:25,36.29,49.38,-50.62,0.010800072
2.10296,5/15/2021 7:30,39.99,38.04,-61.96,0.00985081
2.11601,5/15/2021 7:35,38.3,51.72,-48.28,0.007410907
2.12592,5/15/2021 7:40,37.81,78.3,-21.7,0.004357533
2.12339,5/15/2021 7:45,38.14,76.56,-23.44,0.00066929
2.11562,5/15/2021 7:50,39.71,66.07,-33.93,-0.002756962
2.09156,5/15/2021 7:55,35.31,33.6,-66.4,-0.00412595
2.11482,5/15/2021 8:00,35.83,64.99,-35.01,-0.006556832
2.08025,5/15/2021 8:05,34.65,18.34,-81.66,-0.004925097
2.10217,5/15/2021 8:10,39.02,47.92,-52.08,-0.005540801
2.09264,5/15/2021 8:15,37.23,35.06,-64.94,-0.006855698
2.11309,5/15/2021 8:20,41.03,62.66,-37.34,-0.008056371
2.11672,5/15/2021 8:25,42.68,62.15,-37.85,-0.007125277
2.12346,5/15/2021 8:30,43.42,72.76,-27.24,-0.007509841
2.11289,5/15/2021 8:35,43.88,56.12,-43.88,-0.007111102
2.11703,5/15/2021 8:40,43.53,62.64,-37.36,-0.005595312
2.10577,5/15/2021 8:45,45.41,44.91,-55.09,-0.003863098
2.12896,5/15/2021 8:50,51.43,81.42,-18.58,-0.003205075
2.12983,5/15/2021 8:55,46.23,89.99,-10.01,-0.004157106
2.15502,5/15/2021 9:00,44.82,92.61,-7.39,-0.004267787
2.17097,5/15/2021 9:05,49.07,97.47,-2.53,-0.007950443
2.1651,5/15/2021 9:10,50.92,91.37,-8.63,-0.009300559
2.1552,5/15/2021 9:15,62.31,79.71,-20.29,-0.01171647
2.14764,5/15/2021 9:20,63.65,68.64,-31.36,-0.010967267
2.13768,5/15/2021 9:25,69.62,55.96,-44.04,-0.008740305
2.13441,5/15/2021 9:30,69.24,49.9,-50.1,-0.005985133
2.15712,5/15/2021 9:35,72.88,79.08,-20.92,-0.005939578
2.1649,5/15/2021 9:40,73.57,89.08,-10.92,-0.005568353
2.18902,5/15/2021 9:45,75.72,99.68,-0.32,-0.00741581
2.1786,5/15/2021 9:50,75.15,83.04,-16.96,-0.007585845
2.19583,5/15/2021 9:55,76.42,95.6,-4.4,-0.00840136
2.17109,5/15/2021 10:00,66.64,62.95,-37.05,-0.006284565
2.17123,5/15/2021 10:05,72.12,63.12,-36.88,-0.002392269
2.15107,5/15/2021 10:10,67.4,37.29,-62.71,0.000766149
2.14646,5/15/2021 10:15,67.66,31.38,-68.62,0.004366685
2.15883,5/15/2021 10:20,65.5,47.23,-52.77,0.005574852
2.12538,5/15/2021 10:25,57.6,9.19,-90.81,0.007388133
2.14476,5/15/2021 10:30,56.25,35.33,-64.67,0.00677301
2.14435,5/15/2021 10:35,50.55,34.85,-65.15,0.007458939
2.14499,5/15/2021 10:40,44.5,35.6,-64.4,0.007927124
2.13655,5/15/2021 10:45,43.6,25.72,-74.28,0.010693556
2.1525,5/15/2021 10:50,46.58,44.39,-55.61,0.011661258
2.1565,5/15/2021 10:55,39.34,49.08,-50.92,0.014023677
2.16366,5/15/2021 11:00,36.58,57.46,-42.54,0.013256008
2.16175,5/15/2021 11:05,38,58.09,-41.91,0.012466387
2.1492,5/15/2021 11:10,41.35,46.76,-53.24,0.009850176
2.15517,5/15/2021 11:15,38.31,69.89,-30.11,0.006154792
2.13873,5/15/2021 11:20,39.11,41.58,-58.42,0.004617306
2.13205,5/15/2021 11:25,37.76,30.08,-69.92,0.001408781
2.12268,5/15/2021 11:30,35.94,13.95,-86.05,0.001017238
2.13909,5/15/2021 11:35,45.22,42.2,-57.8,0.000577597
2.14297,5/15/2021 11:40,39.45,41.07,-58.93,0.000669419
2.14739,5/15/2021 11:45,41.97,49.84,-50.16,-0.000656056
2.15858,5/15/2021 11:50,44.94,72.05,-27.95,-0.001145584
2.1604,5/15/2021 11:55,41.94,75.66,-24.34,-0.002161221
2.15843,5/15/2021 12:00,42.12,71.75,-28.25,-0.002200742
2.1562,5/15/2021 12:05,45.87,67.33,-32.67,-0.002771465
2.17518,5/15/2021 12:10,52.52,97.03,-2.97,-0.004225378
2.18374,5/15/2021 12:15,49.55,100,0,-0.005262202
2.18835,5/15/2021 12:20,49.04,93.23,-6.77,-0.006745478
2.19407,5/15/2021 12:25,47.45,88.11,-11.89,-0.008438829
2.22517,5/15/2021 12:30,57.84,91.19,-8.81,-0.01226214
2.23932,5/15/2021 12:35,59.94,89.96,-10.04,-0.013706573
2.23031,5/15/2021 12:40,71.31,82.98,-17.02,-0.014885184
2.24685,5/15/2021 12:45,71.2,95.47,-4.53,-0.015976681
2.26004,5/15/2021 12:50,72.53,91.99,-8.01,-0.01642212
2.26477,5/15/2021 12:55,72.55,93.05,-6.95,-0.016407873
2.24264,5/15/2021 13:00,57.58,75.25,-24.75,-0.015995721
2.2644,5/15/2021 13:05,60.15,92.74,-7.26,-0.016659364
2.28187,5/15/2021 13:10,54.79,97.04,-2.96,-0.016688317
2.25766,5/15/2021 13:15,44.04,78.53,-21.47,-0.015234828
2.26151,5/15/2021 13:20,40.93,79.84,-20.16,-0.013329951
2.25971,5/15/2021 13:25,48.09,76.31,-23.69,-0.011379284
2.24147,5/15/2021 13:30,49.61,57.38,-42.62,-0.006154846
2.25637,5/15/2021 13:35,51.15,71.7,-28.3,-0.000982824
2.27593,5/15/2021 13:40,48.71,83.94,-16.06,0.002270277
2.27747,5/15/2021 13:45,45.94,72.56,-27.44,0.005498939
2.30138,5/15/2021 13:50,45.92,98.03,-1.97,0.007769796
2.34541,5/15/2021 13:55,50.48,93.28,-6.72,0.007706286
2.36,5/15/2021 14:00,51.11,86.55,-13.45,0.004662531
2.36071,5/15/2021 14:05,50.38,87.05,-12.95,0.00316866
2.35021,5/15/2021 14:10,53.19,79.29,-20.71,0.003329971
2.31746,5/15/2021 14:15,47.59,55.73,-44.27,0.003180668
2.33125,5/15/2021 14:20,45.99,65.65,-34.35,0.002354987
2.30598,5/15/2021 14:25,45.13,47.47,-52.53,0.002322146
2.2822,5/15/2021 14:30,46.52,30.36,-69.64,0.001942177
2.29208,5/15/2021 14:35,41.04,37.47,-62.53,0.00234737
2.28197,5/15/2021 14:40,41.16,28.74,-71.26,0.00355275
2.30105,5/15/2021 14:45,41.82,36.94,-63.06,0.003214328
2.2833,5/15/2021 14:50,42,10.32,-89.68,0.005583707
2.26956,5/15/2021 14:55,46.08,2.48,-97.52,0.010992142
2.29778,5/15/2021 15:00,46.35,27.63,-72.37,0.015241702
2.29404,5/15/2021 15:05,42.29,24.29,-75.71,0.018815427
2.29664,5/15/2021 15:10,37.39,27.87,-72.13,0.021616641
2.2764,5/15/2021 15:15,40.3,8.98,-91.02,0.021349826
2.278,5/15/2021 15:20,36.27,13.53,-86.47,0.02109984
2.26341,5/15/2021 15:25,38.87,2.69,-97.31,0.020097678
2.25349,5/15/2021 15:30,41.03,9.98,-90.02,0.017223074
2.25656,5/15/2021 15:35,41.13,19.08,-80.92,0.015182045
2.27127,5/15/2021 15:40,44.56,40.05,-59.95,0.012913431
2.25856,5/15/2021 15:45,45.3,21.45,-78.55,0.012567041
2.25045,5/15/2021 15:50,46.61,9.58,-90.42,0.010898825
2.26096,5/15/2021 15:55,44.19,24.96,-75.04,0.008272189
2.23572,5/15/2021 16:00,41.8,23.23,-76.77,0.008347928
2.20173,5/15/2021 16:05,38.01,4.09,-95.91,0.008177785
2.21147,5/15/2021 16:10,33.3,26.58,-73.42,0.007491005
2.22682,5/15/2021 16:15,32.69,37.76,-62.24,0.004745446
2.21532,5/15/2021 16:20,36.54,29.38,-70.62,0.003365486
2.16582,5/15/2021 16:25,32.02,2.55,-97.45,0.004222681
2.17123,5/15/2021 16:30,31.94,11.91,-88.09,0.003804685
2.19978,5/15/2021 16:35,35.83,29.74,-70.26,0.003458439
2.21954,5/15/2021 16:40,35.56,42.09,-57.91,0.004165753
2.23088,5/15/2021 16:45,36.61,49.17,-50.83,0.003223446
2.24318,5/15/2021 16:50,36.01,75.24,-24.76,0.001781258
2.24136,5/15/2021 16:55,37.56,74.32,-25.68,0.000789473
2.21802,5/15/2021 17:00,34.29,54.87,-45.13,-0.000574479
2.21297,5/15/2021 17:05,37.18,50.66,-49.34,-0.003667398
2.20614,5/15/2021 17:10,40.58,44.97,-55.03,-0.006130803
2.21177,5/15/2021 17:15,40.53,49.66,-50.34,-0.007133122
2.21766,5/15/2021 17:20,39.51,54.57,-45.43,-0.009027654
2.21974,5/15/2021 17:25,36.95,56.3,-43.7,-0.013410661
2.24708,5/15/2021 17:30,38.71,79.09,-20.91,-0.017801948
2.25848,5/15/2021 17:35,49.52,88.58,-11.42,-0.019296409
2.25941,5/15/2021 17:40,57.16,87.4,-12.6,-0.01853266
2.27692,5/15/2021 17:45,54.93,99.99,-0.01,-0.017502941
2.3109,5/15/2021 17:50,59.13,100,0,-0.017427161
2.30438,5/15/2021 17:55,61.2,84.25,-15.75,-0.016675942
2.29478,5/15/2021 18:00,63.27,77.18,-22.82,-0.016818751
2.26699,5/15/2021 18:05,55.84,56.72,-43.28,-0.016425307
2.27845,5/15/2021 18:10,61.47,65.16,-34.84,-0.016398533
2.26006,5/15/2021 18:15,59.73,48.36,-51.64,-0.014405377
2.26616,5/15/2021 18:20,56.84,52.6,-47.4,-0.012919306
2.28932,5/15/2021 18:25,60.62,70.3,-29.7,-0.012856866
2.27603,5/15/2021 18:30,59.55,54.32,-45.68,-0.009806296
2.27707,5/15/2021 18:35,65.44,53.76,-46.24,-0.0047066
2.27297,5/15/2021 18:40,65.48,33.51,-66.49,-0.000250541
2.27887,5/15/2021 18:45,65.05,40.94,-59.06,0.003459992
2.28327,5/15/2021 18:50,59.35,41.24,-58.76,0.008042571
2.28948,5/15/2021 18:55,55.93,49.83,-50.17,0.010490619
2.30418,5/15/2021 19:00,46.14,70.15,-29.85,0.010633274
2.27333,5/15/2021 19:05,39.15,35.19,-64.81,0.009619518
2.23825,5/15/2021 19:10,32.94,3.43,-96.57,0.011197844
2.21303,5/15/2021 19:15,32.07,5.96,-94.04,0.01212458
2.23896,5/15/2021 19:20,37.06,33.5,-66.5,0.01257094
2.23,5/15/2021 19:25,37.64,25.04,-74.96,0.014815972
2.23031,5/15/2021 19:30,35.81,25.33,-74.67,0.015554986
2.23239,5/15/2021 19:35,28.99,27.29,-72.71,0.016268057
2.26196,5/15/2021 19:40,34.91,55.21,-44.79,0.014482583
2.27402,5/15/2021 19:45,31.44,66.6,-33.4,0.01227101
2.25976,5/15/2021 19:50,30.16,53.13,-46.87,0.01088872
2.27058,5/15/2021 19:55,31.71,63.35,-36.65,0.009175224
2.28072,5/15/2021 20:00,31.98,72.92,-27.08,0.007271372
2.2816,5/15/2021 20:05,31.82,73.75,-26.25,0.003572928
2.27833,5/15/2021 20:10,35.14,73.06,-26.94,-0.00146534
2.27287,5/15/2021 20:15,39.28,78.19,-21.81,-0.00628497
2.28917,5/15/2021 20:20,46.49,96.55,-3.45,-0.009228291
2.30269,5/15/2021 20:25,56.36,94.5,-5.5,-0.012160803
2.31807,5/15/2021 20:30,53.43,95.79,-4.21,-0.015290489
2.31302,5/15/2021 20:35,56.54,91.47,-8.53,-0.018047427
2.29873,5/15/2021 20:40,54.56,74.4,-25.6,-0.016794188
2.29082,5/15/2021 20:45,56.93,63.56,-36.44,-0.014034973
2.30028,5/15/2021 20:50,50.94,68.61,-31.39,-0.012646498
2.28417,5/15/2021 20:55,46.8,46.34,-53.66,-0.010198379
2.28,5/15/2021 21:00,49.03,40.57,-59.43,-0.00740867
2.28183,5/15/2021 21:05,45.42,28.69,-71.31,-0.005250945
2.29277,5/15/2021 21:10,48.43,47.64,-52.36,-0.004731177
2.2832,5/15/2021 21:15,51.85,31.06,-68.94,-0.003586681
2.29325,5/15/2021 21:20,47.85,48.48,-51.52,-0.001026093
2.31433,5/15/2021 21:25,51.37,83.63,-16.37,0.002118414
2.29951,5/15/2021 21:30,48.61,52.38,-47.62,0.005684374
2.30138,5/15/2021 21:35,45.25,56.18,-43.82,0.008418965
2.28364,5/15/2021 21:40,42.28,21.64,-78.36,0.010275151
2.27517,5/15/2021 21:45,41.17,11.31,-88.69,0.011436544
2.26842,5/15/2021 21:50,42.55,20.31,-79.69,0.012193223
2.26907,5/15/2021 21:55,40.58,21.42,-78.58,0.010811486
2.26877,5/15/2021 22:00,43.7,20.91,-79.09,0.009448264
2.29108,5/15/2021 22:05,50.6,59.12,-40.88,0.007015065
2.30249,5/15/2021 22:10,48.93,78.66,-21.34,0.00491377
2.30603,5/15/2021 22:15,50.15,84.72,-15.28,0.002359514
2.29896,5/15/2021 22:20,50.69,72.62,-27.38,0.00146413
2.29106,5/15/2021 22:25,51.02,59.09,-40.91,0.002965894
2.27692,5/15/2021 22:30,51.54,34.87,-65.13,0.0034101
2.2558,5/15/2021 22:35,43.52,8,-92,0.004538615
2.24736,5/15/2021 22:40,44.28,20.98,-79.02,0.004059577
2.26176,5/15/2021 22:45,48.84,39.15,-60.85,0.002660208
2.24509,5/15/2021 22:50,48.61,18.12,-81.88,0.002011548
2.23825,5/15/2021 22:55,49.75,9.85,-90.15,0.001971056
2.22051,5/15/2021 23:00,48.67,5.42,-94.58,0.002124436
2.22051,5/15/2021 23:05,48.59,8.19,-91.81,0.004412604
2.21293,5/15/2021 23:10,47.19,2.8,-97.2,0.007904055
2.21214,5/15/2021 23:15,44.39,2.01,-97.99,0.011241402
2.21574,5/15/2021 23:20,37.53,5.62,-94.38,0.013187069
2.20178,5/15/2021 23:25,37.87,7.33,-92.67,0.015023988
2.17472,5/15/2021 23:30,33.8,2.9,-97.1,0.015974378
2.20523,5/15/2021 23:35,43.45,28.92,-71.08,0.012967581
2.16057,5/15/2021 23:40,38.84,37.29,-62.71,0.011682294
2.18378,5/15/2021 23:45,46.34,49.7,-50.3,0.010370462
2.17531,5/15/2021 23:50,46.17,45.2,-54.8,0.008930149
2.17701,5/15/2021 23:55,43.72,46.1,-53.9,0.007564678
2.19801,5/16/2021 0:00,46.35,66.35,-33.65,0.004701938
2.22134,5/16/2021 0:05,46.18,85.45,-14.55,0.001420252
2.23526,5/16/2021 0:10,46.29,100,0,-0.002277913
2.26027,5/16/2021 0:15,50.15,98.13,-1.87,-0.007006453
2.26126,5/16/2021 0:20,51.6,93.79,-6.21,-0.011319511
2.28974,5/16/2021 0:25,48.95,96.09,-3.91,-0.017117308
2.26666,5/16/2021 0:30,50.85,83.1,-16.9,-0.022654977
2.28616,5/16/2021 0:35,48.7,92.29,-7.71,-0.025266143
2.28604,5/16/2021 0:40,56.06,92.23,-7.77,-0.029780762
2.26961,5/16/2021 0:45,55.55,84.49,-15.51,-0.030166436
2.28639,5/16/2021 0:50,63.62,89.42,-10.58,-0.031035981
2.28668,5/16/2021 0:55,59.91,89.61,-10.39,-0.031772155
2.3342,5/16/2021 1:00,63.22,100,0,-0.031944868
2.34599,5/16/2021 1:05,63.75,91.16,-8.84,-0.030342017
2.34091,5/16/2021 1:10,67.3,86.15,-13.85,-0.027087997
2.31932,5/16/2021 1:15,63.3,70.48,-29.52,-0.02164496
2.3267,5/16/2021 1:20,61.02,71.91,-28.09,-0.016809117
2.31448,5/16/2021 1:25,57.53,58.71,-41.29,-0.010351235
2.29384,5/16/2021 1:30,53.48,31.34,-68.66,-0.005848001
2.30635,5/16/2021 1:35,49.44,40.79,-59.21,-0.00086449
2.31444,5/16/2021 1:40,50.66,48.58,-51.42,0.003544441
2.32377,5/16/2021 1:45,49.02,58.07,-41.93,0.004104004
2.30036,5/16/2021 1:50,42.7,34.26,-65.74,0.007670545
2.29743,5/16/2021 1:55,45.95,27.86,-72.14,0.009648798
2.29984,5/16/2021 2:00,42.9,21.76,-78.24,0.014832371
2.30391,5/16/2021 2:05,43.21,26.65,-73.35,0.019699234
2.29453,5/16/2021 2:10,32.24,15.38,-84.62,0.023121262
2.28882,5/16/2021 2:15,31.5,10.25,-89.75,0.023612055
2.29023,5/16/2021 2:20,32.06,13.96,-86.04,0.023806123
2.29358,5/16/2021 2:25,36.17,21.3,-78.7,0.021866157
2.28257,5/16/2021 2:30,37.7,20.18,-79.82,0.018470326
2.27001,5/16/2021 2:35,39.91,6.8,-93.2,0.015800353
2.26641,5/16/2021 2:40,43.89,1.42,-98.58,0.014797748
2.26697,5/16/2021 2:45,41.26,8.03,-91.97,0.014204074
2.25481,5/16/2021 2:50,36.89,9.51,-90.49,0.012853188
2.24055,5/16/2021 2:55,19.54,2.07,-97.93,0.01297072
2.25515,5/16/2021 3:00,48.68,22.29,-77.71,0.012278859
2.26604,5/16/2021 3:05,53.42,39.99,-60.01,0.011737101
2.26552,5/16/2021 3:10,53.24,39.23,-60.77,0.00896755
2.27455,5/16/2021 3:15,57.51,52.39,-47.61,0.005231204
2.27185,5/16/2021 3:20,59.85,55.61,-44.39,0.002306169
2.25441,5/16/2021 3:25,57.03,26.51,-73.49,0.001633033
2.25524,5/16/2021 3:30,49.94,27.9,-72.1,0.000217053
2.26672,5/16/2021 3:35,49.5,49.91,-50.09,-0.001828659
2.2701,5/16/2021 3:40,46.25,67.88,-32.12,-0.002993066
2.26511,5/16/2021 3:45,46.31,57.12,-42.88,-0.003929102
